403,473,148,464.5
405.25,467.75,148.25,454.5
407.875,457.625,147.875,442
409.188,452.562,147.688,435.75
410.844,443.531,148.094,424.875
412.922,432.766,148.547,413.188
415.461,421.383,148.773,401.344
417.98,410.441,149.137,389.422
419.24,404.971,149.318,383.461
420.37,397.735,149.909,375.73
421.935,389.118,150.705,367.115
422.718,380.309,151.352,358.058
423.109,375.904,151.676,353.529
423.804,369.202,153.338,346.764
424.402,361.851,153.919,338.632
425.201,354.176,153.96,330.066
425.601,350.338,153.98,325.783
426.3,345.169,154.49,319.142
426.65,339.084,155.245,312.821
426.825,336.042,155.622,309.66
426.913,331.521,154.811,304.33
427.206,326.511,154.656,298.665
427.353,321.755,154.328,293.083
427.427,317.378,152.914,287.291
427.713,313.189,151.957,281.896
427.857,309.594,151.478,276.698
428.678,306.297,150.239,271.849
429.589,302.899,148.37,267.674
431.045,299.949,146.185,263.587
432.272,297.225,143.342,259.544
434.386,294.862,139.671,255.522
437.193,292.931,135.586,252.511
440.597,291.716,131.793,250.505
445.048,291.358,127.146,249.253
447.274,291.179,124.823,248.626
451.387,292.089,119.912,249.063
456.444,294.295,113.956,250.282
462.472,297.897,108.478,253.141
467.736,303.199,103.489,257.32
472.118,309.849,99.4945,262.66
474.309,313.175,97.4972,265.33
476.404,318.837,94.2486,270.665
477.702,325.669,91.3743,277.333
478.101,333.084,89.4372,284.666
478.051,340.792,89.7186,293.833
476.525,348.896,91.8593,303.167
474.263,357.198,94.6796,313.583
473.131,361.349,96.0898,318.792
470.066,366.924,100.545,326.396
466.283,372.712,107.522,334.948
464.391,375.606,111.011,339.224
460.446,378.803,117.006,344.862
455.223,381.902,125.503,350.181
449.361,384.201,134.751,355.09
442.681,385.35,145.376,358.545
435.59,385.175,156.438,359.523
428.045,384.088,167.719,359.011
424.273,383.544,173.359,358.756
418.386,381.272,180.93,355.628
412.443,377.386,189.715,350.814
405.722,371.693,198.357,343.657
402.361,368.846,202.679,340.078
397.43,362.673,208.089,332.789
392.965,354.087,213.795,323.145
388.733,343.793,218.147,311.322
386.116,332.897,221.574,298.161
385.308,320.948,223.287,283.831
386.654,308.974,222.393,269.415
390.327,297.237,219.447,255.208
396.164,286.369,214.723,241.354
403.332,276.934,207.362,228.927
411.916,269.467,198.181,218.213
421.458,264.484,187.34,209.357
432.229,261.742,174.42,202.928
443.365,261.621,160.21,198.964
454.932,264.31,145.105,197.482
465.716,269.905,130.553,198.991
475.608,277.703,115.026,203.746
484.304,287.351,100.513,210.623
490.902,297.926,85.5066,220.311
494.201,303.213,78.0033,225.156
497.85,311.856,67.7516,234.828
500.925,322.928,59.8758,247.164
502.713,334.714,54.6879,262.582
503.606,340.607,52.094,270.291
503.553,350.054,51.047,283.396
502.027,360.777,55.5235,298.948
499.263,372.638,57.5117,314.974
494.632,384.319,63.5059,329.987
488.316,395.16,73.2529,343.493
479.908,404.08,85.8765,354.247
470.454,410.54,99.6882,362.873
460.227,414.77,115.344,368.437
455.113,416.885,123.172,371.218
447.307,416.943,135.086,372.359
443.403,416.971,141.043,372.93
436.952,414.986,151.272,371.465
428.976,410.243,164.386,367.482
421.238,403.871,177.693,360.741
417.369,400.686,184.346,357.371
412.184,393.593,193.423,349.685
406.592,384.046,202.462,338.593
403.796,379.273,206.981,333.046
399.648,370.637,212.99,322.023
396.824,359.568,217.995,308.512
394.662,347.034,221.248,292.256
395.081,334.267,221.624,275.878
397.54,321.634,219.312,259.189
402.27,309.567,214.656,243.094
404.635,303.533,212.328,235.047
410.318,296.517,205.914,225.024
417.909,290.508,195.707,215.012
426.454,286.754,183.104,206.756
435.977,286.127,168.552,201.128
446.489,288.564,152.776,198.814
456.994,294.032,137.638,200.657
466.997,302.516,121.069,206.578
475.749,312.508,106.534,216.039
482.624,323.504,94.7672,229.52
487.562,335.502,84.1336,245.01
490.281,347.501,77.0668,262.255
489.891,358.75,75.2834,279.627
487.195,369.375,78.1417,297.064
483.098,379.688,86.5708,313.782
477.049,389.094,97.5354,328.391
469.274,397.047,110.018,340.695
460.387,403.023,125.009,349.348
451.194,407.012,140.754,354.924
440.847,408.006,157.127,357.212
435.673,408.503,165.314,358.356
428.337,406.501,177.157,356.678
419.918,401.251,191.078,352.089
415.709,398.625,198.039,349.794
409.855,392.563,208.52,343.647
403.427,383.781,219.51,333.574
400.214,379.391,225.005,328.537
395.607,371.445,232.252,318.018
391.303,360.973,237.876,305.009
388.152,349.236,241.438,290.255
386.826,336.868,242.219,274.877
387.163,324.934,239.86,259.189
389.831,313.717,234.43,244.094
394.416,304.109,225.965,230.297
400.458,296.554,215.732,218.399
408.229,291.777,202.616,208.699
416.864,289.639,188.308,201.85
426.182,290.069,173.404,197.675
435.591,292.785,158.202,196.087
444.796,297.892,143.851,197.544
449.398,300.446,136.676,198.272
455.949,305.973,127.088,203.136
462.224,313.987,116.294,210.818
467.862,323.993,105.647,221.909
471.431,334.747,97.0735,235.204
473.466,345.623,91.5367,250.852
473.233,357.062,90.0184,268.176
470.866,367.531,91.7592,286.338
466.183,377.015,97.3796,304.169
459.842,385.008,107.69,319.835
452.171,391.754,120.595,333.417
442.835,396.377,135.297,343.709
433.168,398.938,151.399,350.604
428.334,400.219,159.449,354.052
420.667,400.61,172.475,355.526
412.333,399.305,186.987,354.763
404.167,396.902,201.994,350.632
400.083,395.701,209.497,348.566
393.792,391.101,219.748,342.283
387.396,383.8,229.874,332.641
384.198,380.15,234.937,327.821
380.349,373.075,241.219,317.66
377.424,362.538,245.609,303.83
375.212,349.769,247.805,288.665
375.356,336.134,247.652,272.833
377.678,322.817,245.076,256.666
381.339,309.909,239.788,241.083
386.67,298.954,231.894,227.042
393.585,289.977,221.697,214.771
401.792,283.989,210.599,204.385
411.146,281.494,198.049,195.943
420.323,281.247,183.525,190.471
424.912,281.124,176.262,187.736
432.456,283.812,164.381,185.618
440.728,288.656,150.941,185.809
449.364,295.578,136.47,188.654
453.682,299.039,129.235,190.077
459.591,305.519,119.118,195.539
465.046,313.76,108.559,204.269
467.773,317.88,103.279,208.635
471.636,324.44,96.3897,217.817
474.068,332.22,90.4448,230.909
475.284,339.61,85.9724,245.454
474.392,346.805,84.2362,260.727
472.196,354.152,84.8681,277.114
468.348,361.576,89.6841,293.057
466.424,365.288,92.092,301.028
462.712,370.894,98.296,312.014
456.356,376.947,110.148,323.257
448.928,382.474,123.074,333.879
445.214,385.237,129.537,339.189
438.107,389.368,140.518,345.345
429.803,393.434,154.259,349.672
421.152,395.967,169.38,351.586
412.576,396.484,185.44,350.293
404.788,394.492,200.47,346.397
400.894,393.496,207.985,344.448
395.947,389.998,218.492,337.974
390.474,383.249,228.996,328.737
385.737,374.124,238.248,316.619
383.368,369.562,242.874,310.559
381.434,360.781,247.437,299.28
380.217,349.891,250.719,286.14
380.859,338.195,251.859,272.07
382.929,326.598,251.18,257.285
386.715,315.799,248.09,242.892
391.857,306.149,243.045,229.196
398.179,298.825,235.522,216.348
405.339,292.912,226.261,204.674
412.92,289.206,214.881,195.087
420.96,287.603,202.19,187.544
428.98,288.302,187.595,181.272
437.24,290.651,172.548,177.886
441.37,291.825,165.024,176.193
447.185,295.413,153.262,176.596
453.592,300.956,140.131,179.798
456.796,303.728,133.565,181.399
461.148,309.364,123.033,187.7
464.824,316.682,113.016,197.1
467.412,324.341,103.508,208.55
468.706,332.421,95.0041,222.775
469.353,336.46,90.752,229.887
469.177,342.98,86.376,242.694
468.338,350.74,83.688,259.597
466.169,359.62,83.844,278.548
465.085,364.06,83.922,288.024
462.292,371.53,88.961,303.512
457.646,380.515,96.9805,321.256
450.823,390.258,107.49,339.128
442.162,399.879,121.995,354.314
437.831,404.689,129.248,361.907
430.665,410.595,141.624,370.453
422.083,415.547,156.312,376.727
417.791,418.024,163.656,379.863
411.646,420.012,176.828,381.182
406.823,421.506,191.414,379.341
402.661,419.753,206.457,374.17
392.831,412.626,220.229,366.335
384.165,403.813,232.864,355.418
377.083,392.407,243.432,342.459
370.791,379.203,251.216,328.229
366.396,365.102,256.108,312.365
364.198,358.051,258.554,304.432
363.099,347.025,259.277,292.716
363.549,334.263,258.388,278.858
365.525,321.631,255.444,264.179
369.012,309.566,250.472,250.09
374.256,298.533,243.736,236.295
380.628,289.266,234.368,223.647
383.814,284.633,229.684,217.324
389.407,279.817,221.092,209.412
396.453,276.658,209.796,201.456
399.977,275.079,204.148,197.478
406.488,274.54,194.324,192.239
414.494,275.77,181.412,187.869
423.247,278.885,166.706,184.935
432.374,283.442,152.103,183.717
441.437,289.721,137.301,184.609
449.968,297.611,123.401,188.804
457.484,306.305,111.95,195.902
461.242,310.653,106.225,199.451
465.871,317.826,100.113,206.976
469.936,326.163,95.0563,217.988
471.968,330.332,92.5282,223.494
472.984,336.666,91.2641,234.747
472.742,344.333,93.632,249.623
470.871,352.416,98.566,266.562
466.685,360.458,107.533,283.281
460.593,367.479,119.517,297.89
452.546,372.74,134.258,309.195
443.273,375.87,149.879,316.598
433.637,376.185,166.44,320.049
423.818,374.342,183.47,318.774
414.909,370.421,199.985,313.887
406.705,363.961,214.492,305.944
400.102,355.48,227.746,295.472
396.801,351.24,234.373,290.236
393.151,343.37,241.687,279.868
390.575,332.685,248.093,266.934
389.038,320.343,252.297,252.717
388.269,314.171,254.398,245.608
389.134,304.586,254.949,234.304
391.317,294.043,252.725,221.652
395.159,284.021,248.112,208.826
400.079,275.261,241.056,196.663
406.29,268.63,231.028,185.582
413.145,264.065,219.014,176.291
416.572,261.783,213.007,171.645
422.286,260.641,202.754,166.823
429.643,261.071,189.877,162.411
433.322,261.285,183.438,160.206
439.161,263.143,171.969,158.603
446.08,266.571,157.485,159.051
453.04,272.036,143.492,162.026
459.77,279.268,130.996,168.513
465.385,287.384,120.498,178.506
469.693,296.942,113.499,191.753
471.596,306.971,110,207.127
472.298,317.485,109,224.813
471.649,326.743,110.75,243.907
468.825,335.371,116.125,262.953
464.412,342.686,125.312,280.477
458.206,349.343,135.906,295.488
450.603,354.421,148.203,307.494
441.802,358.211,161.602,316.747
432.401,360.105,176.301,321.124
422.7,360.303,191.65,322.312
413.1,358.151,207.325,320.156
404.8,354.326,222.413,315.078
396.4,348.413,235.456,307.289
388.95,341.206,246.228,297.144
383.475,332.853,254.864,285.822
379.487,323.677,259.932,273.411
377.494,313.838,261.966,260.456
377.247,303.919,260.983,247.228
379.123,294.96,256.492,234.614
382.812,287.23,249.246,223.057
388.156,281.115,240.123,213.028
390.828,278.057,235.561,208.014
396.414,275.279,226.781,202.507
403.707,274.139,214.64,197.754
412.353,275.07,201.32,194.877
420.927,278.035,187.41,194.438
429.713,283.017,174.455,196.969
434.107,285.509,167.978,198.235
440.303,290.754,158.989,202.617
447.152,298.377,149.744,209.809
453.326,306.939,142.372,219.654
458.413,316.719,136.936,231.827
461.956,326.36,134.468,245.164
463.478,335.93,134.984,260.082
464.239,340.715,135.242,267.541
463.87,347.107,139.121,278.77
461.685,354.804,146.311,292.385
460.592,358.652,149.905,299.193
457.046,363.826,157.703,309.846
451.523,368.663,168.851,321.173
443.762,372.581,181.926,330.337
435.631,374.541,195.463,336.168
426.815,374.52,209.481,338.084
422.408,374.51,216.491,339.042
415.954,372.505,226.495,336.771
408.477,368.753,236.998,331.885
401.238,363.126,246.749,323.693
394.619,356.063,255.374,313.596
388.81,347.282,262.437,302.048
385.905,342.891,265.969,296.274
382.952,335.195,268.984,286.637
380.726,325.348,270.992,275.319
379.863,314.424,271.246,263.159
380.932,303.712,269.373,251.33
383.216,293.856,264.937,239.915
384.358,288.928,262.718,234.207
387.679,282.964,257.859,227.354
392.339,277.982,250.18,220.177
398.17,274.491,240.84,214.338
405.085,273.245,230.17,210.169
412.792,274.373,218.085,208.085
416.646,274.936,212.042,207.042
422.573,277.718,203.271,207.771
429.537,283.359,193.136,211.136
436.518,292.18,183.068,216.818
443.259,303.34,174.534,225.159
448.63,314.92,167.267,235.579
452.565,326.71,162.883,247.54
454.532,337.855,161.942,260.77
454.516,347.677,163.971,274.885
454.508,352.589,164.985,281.942
452.004,358.044,169.743,292.221
448.252,362.522,177.121,302.611
442.876,365.261,187.061,311.305
440.188,366.631,192.03,315.653
435.094,367.565,200.765,319.326
428.547,366.783,211.383,320.913
421.523,364.641,221.941,319.957
414.762,360.321,232.221,316.228
408.381,354.41,241.61,309.614
402.19,346.955,249.555,301.307
397.095,338.228,255.778,291.404
392.548,328.614,260.139,280.702
390.274,323.807,262.319,275.351
388.137,316.403,263.16,266.675
386.068,307.702,262.83,256.088
385.034,298.601,261.165,244.544
385.017,290.05,257.582,233.272
385.509,282.025,252.541,222.136
385.754,278.013,250.021,216.568
386.877,273.006,245.51,209.284
387.439,270.503,243.255,205.642
388.719,267.252,238.878,200.321
390.11,264.376,233.939,196.16
391.305,262.438,230.469,194.58
392.652,262.219,228.985,196.54
393.826,263.609,229.742,201.52
394.413,264.305,230.121,204.01
395.207,267.152,231.311,210.255
396.103,272.076,232.905,219.128
396.552,274.538,233.703,223.564
398.276,279.769,234.351,231.282
400.888,286.885,234.176,240.141
404.694,294.692,232.088,248.82
409.847,303.346,229.044,257.16
416.423,311.923,224.022,265.08
424.212,319.712,216.511,271.54
432.856,326.356,207.505,275.77
441.928,331.678,197.003,278.135
451.214,335.089,185.751,278.568
459.857,336.544,174.876,276.284
467.428,335.272,164.188,271.142
473.714,332.386,154.844,263.571
478.607,327.693,146.922,253.535
481.554,321.347,141.211,242.018
482.277,313.673,138.105,230.259
482.638,309.837,136.553,224.379
481.319,303.168,136.776,215.69
478.16,295.334,139.388,206.095
473.83,286.667,144.194,197.547
471.665,282.334,146.597,193.274
467.082,276.167,152.549,187.887
460.541,269.333,160.774,183.193
453.021,262.667,170.137,180.347
444.51,257.083,180.569,179.173
435.505,252.542,192.034,180.087
431.003,250.271,197.767,180.543
424.001,248.885,206.384,183.272
416.001,248.943,216.442,188.636
412,248.971,221.471,191.318
405.75,250.986,229.235,197.909
399.125,255.243,237.618,207.704
393.313,261.621,245.559,219.852
388.406,270.311,251.529,233.926
385.203,281.155,255.765,248.963
383.352,293.828,257.632,264.732
383.926,307.914,256.816,280.116
386.463,322.457,253.408,295.058
391.481,336.728,247.954,308.279
393.991,343.864,245.227,314.889
398.245,352.432,237.864,322.695
405.123,361.216,227.682,329.347
413.061,367.858,215.591,334.174
421.531,372.179,202.295,335.837
425.765,374.34,195.648,336.668
432.133,375.17,185.574,335.084
439.316,373.335,174.287,330.542
442.908,372.417,168.643,328.271
447.454,369.459,161.072,321.136
451.227,363.979,153.786,310.568
453.114,361.24,150.143,305.284
454.807,355.37,147.071,295.642
455.403,347.435,145.286,283.321
454.702,338.217,145.893,269.66
452.351,328.359,148.196,256.58
448.675,318.429,152.848,244.54
443.838,308.715,159.174,235.02
438.169,299.857,167.087,227.51
431.834,291.679,176.294,222.505
425.167,285.339,186.397,220.253
421.834,282.17,191.448,219.126
416.417,279.085,199.224,220.063
409.958,277.292,208.362,223.782
403.729,278.146,217.681,229.891
398.115,281.323,226.091,238.195
392.807,287.162,233.045,248.348
388.904,295.831,239.023,259.674
386.952,306.665,242.761,271.587
386.476,318.583,244.631,283.793
387.738,331.041,244.065,295.897
388.369,337.271,243.783,301.948
391.185,346.385,241.141,310.224
395.342,355.943,235.821,319.112
401.171,363.971,228.66,326.306
404.086,367.986,225.08,329.903
410.293,372.243,217.04,333.702
418.146,375.121,206.27,336.351
426.573,375.811,194.385,336.175
435.787,375.405,181.943,333.338
440.393,375.203,175.721,331.919
446.697,372.601,166.611,326.459
452.598,368.301,157.805,318.48
457.549,362.15,148.653,307.49
460.775,354.575,142.076,294.745
462.887,346.038,138.038,280.372
462.944,336.519,136.019,265.686
460.972,326.759,137.01,251.593
457.736,316.63,140.505,238.547
452.368,306.815,146.502,227.273
446.184,297.657,153.751,218.887
438.592,289.329,162.876,213.193
430.546,282.914,173.188,210.347
422.023,277.707,184.344,210.923
413.012,274.604,196.172,214.712
404.756,274.302,207.586,220.856
396.878,276.651,218.043,229.178
389.939,281.825,226.521,239.339
386.469,284.413,230.761,244.419
382.985,291.206,235.38,253.71
380.492,300.353,239.19,265.355
379.496,311.677,241.345,278.427
379.998,323.838,240.673,291.714
380.249,329.919,240.336,298.357
382.375,338.96,237.418,307.428
386.437,348.98,231.709,316.714
392.469,358.49,222.855,324.607
399.734,366.245,211.677,331.304
408.367,371.872,198.339,334.652
418.684,374.936,183.669,335.326
429.092,374.718,168.835,332.413
439.296,372.109,154.417,325.956
448.398,367.555,141.959,316.978
452.949,365.277,135.729,312.489
457.724,359.889,128.615,302.745
461.362,352.444,122.307,289.622
463.681,344.472,117.904,275.561
464.341,334.986,116.202,260.281
463.17,324.743,116.851,245.64
460.335,314.122,119.925,232.57
455.918,304.061,125.713,221.535
449.959,294.53,133.606,212.768
442.979,285.765,143.303,206.634
435.49,278.383,154.652,203.067
427.745,272.941,167.076,202.783
419.372,269.471,179.538,205.642
415.186,267.735,185.769,207.071
409.343,267.618,194.634,211.785
403.172,270.309,204.067,218.643
400.086,271.654,208.784,222.071
396.043,276.327,214.892,229.786
392.521,284.164,220.696,239.893
390.261,295.082,225.848,252.196
389.38,308.041,229.424,266.098
388.94,314.52,231.212,273.049
389.72,325.51,231.606,284.275
392.36,338.505,229.553,296.887
395.68,351.503,225.276,309.944
400.34,363.501,218.638,321.972
402.67,369.501,215.319,327.986
406.835,376.75,207.41,335.243
412.668,383.125,196.955,341.121
418.834,387.563,183.977,344.311
425.667,389.281,169.739,343.655
432.583,388.641,155.619,338.828
439.042,385.32,141.31,330.164
442.271,383.66,134.155,325.832
446.885,378.58,126.577,316.666
450.943,371.54,121.539,303.583
452.971,368.02,119.019,297.042
455.486,360.76,112.01,285.271
456.993,351.88,109.255,270.885
457.496,341.94,107.377,255.693
456.498,331.22,108.689,241.096
454.249,320.36,112.594,228.298
451.125,309.68,119.047,217.899
449.562,304.34,122.274,212.7
446.031,297.42,129.387,207.1
441.266,290.46,139.693,203.3
435.383,283.98,151.847,200.9
428.941,279.24,164.923,201.2
422.471,276.37,178.962,204.1
415.735,276.185,192.731,209.8
409.368,278.592,205.615,217.9
406.184,279.796,212.058,221.95
401.842,284.398,221.029,229.725
397.671,291.699,229.264,241.113
395.085,301.85,236.132,253.806
394.293,313.175,240.566,267.903
395.396,326.087,242.283,281.952
398.448,340.294,240.642,295.476
402.724,354.647,236.071,308.238
404.862,361.823,233.785,314.619
409.431,372.162,227.393,322.309
415.466,382.331,217.196,329.655
418.483,387.415,212.098,333.327
423.991,393.208,201.549,336.664
430.746,396.604,187.775,338.332
439.123,397.552,173.387,337.166
447.561,395.526,157.944,331.333
455.031,391.013,142.222,321.916
461.765,384.257,129.361,308.958
465.133,380.878,122.93,302.479
468.816,373.689,114.215,289.74
471.658,364.345,107.608,273.62
472.829,353.672,103.804,256.56
472.915,342.586,103.152,239.78
470.957,331.043,105.576,224.39
467.979,319.772,111.538,211.195
466.489,314.136,114.519,204.597
462.745,306.068,121.759,197.299
457.622,298.284,132.13,191.899
451.311,291.142,144.815,188.95
444.156,285.071,159.907,188.975
436.578,281.285,175.704,192.487
428.789,280.393,191.352,199.244
420.644,282.196,207.176,209.122
412.572,286.848,221.338,221.311
405.286,294.424,233.669,235.405
399.393,304.712,242.834,250.703
396.447,309.856,247.417,258.351
393.473,319.178,251.209,270.426
391.487,331.839,253.354,283.963
390.993,346.169,252.677,298.731
392.497,360.585,248.839,312.366
396.248,373.542,241.419,323.933
402.624,385.521,230.21,332.966
409.062,394.511,216.355,339.233
412.281,399.005,209.427,342.367
419.641,404.503,197.714,343.183
426.57,407.251,182.857,341.342
436.035,408.376,166.178,335.421
445.768,407.438,151.089,325.96
450.634,406.969,143.545,321.23
456.567,402.734,135.022,310.615
462.033,395.867,125.761,296.558
466.267,386.684,120.631,280.529
468.633,375.842,117.065,263.514
469.567,364.171,116.533,247.507
469.283,351.835,118.766,233.004
469.142,345.668,119.883,225.752
467.571,336.334,124.192,216.626
464.785,325.917,131.596,208.063
460.893,315.208,141.048,201.031
455.946,305.354,151.774,196.266
450.473,297.177,164.387,194.383
443.737,290.839,177.443,195.691
436.618,286.669,191.222,199.596
429.059,285.085,204.861,206.298
425.28,284.292,211.68,209.649
419.39,285.646,221.09,217.324
413.195,289.823,231.045,228.162
407.097,296.662,240.023,240.581
402.049,306.081,247.011,254.291
398.274,317.04,251.756,268.645
396.137,330.02,254.378,282.823
395.069,343.51,254.189,297.161
395.284,357.755,251.094,310.831
397.142,372.378,245.047,323.165
401.821,387.439,235.774,334.083
404.161,394.969,231.137,339.541
405.33,398.735,221.318,345.521
405.915,400.617,207.909,350.26
406.208,401.559,193.705,353.63
406.354,402.029,186.602,355.315
406.427,402.265,175.551,353.658
406.463,402.382,162.276,349.829
406.482,402.441,149.388,342.414
406.491,402.471,142.944,338.707
429.745,404.985,133.472,329.354
444.873,400.993,127.486,316.177
455.936,393.996,119.243,300.588
464.468,383.998,114.621,283.294
469.984,372.249,113.061,266.147
473.242,360.125,114.53,250.324
474.621,347.562,119.015,236.662
473.811,335.531,126.508,226.081
470.905,323.766,135.754,218.54
466.703,313.383,147.127,214.02
460.851,304.191,159.313,212.01
454.676,296.846,171.907,211.755
451.588,293.173,178.203,211.628
446.294,289.586,188.102,213.314
439.647,287.293,199.051,217.157
432.573,286.897,210.525,223.078
429.037,286.698,216.263,226.039
424.018,289.099,223.881,232.27
418.259,294.3,231.191,241.635
413.38,302.65,237.095,252.817
410.94,306.825,240.048,258.409
408.22,315.662,242.524,267.704
406.86,327.331,243.262,278.852
407.18,340.166,240.881,289.426
409.34,353.333,235.69,299.213
413.42,365.416,227.345,307.357
419.46,375.708,216.923,313.178
426.73,382.854,204.711,316.839
434.865,386.927,192.356,317.92
443.432,388.964,179.178,315.96
451.966,387.982,167.589,310.98
459.233,384.491,156.794,303.24
466.367,379.245,148.397,293.12
471.683,372.623,141.699,281.06
474.342,369.311,138.349,275.03
476.421,362.906,135.425,264.765
477.71,354.703,133.962,252.633
477.855,345.601,134.481,239.566
476.428,335.801,136.741,226.533
475.714,330.9,137.87,220.017
473.107,323.2,141.435,211.508
469.303,314.85,147.218,203.504
467.402,310.675,150.109,199.502
462.951,303.838,156.304,194.251
456.975,297.419,165.402,189.876
453.988,294.209,169.951,187.688
448.744,289.605,177.726,186.094
442.372,285.302,187.863,185.797
435.186,282.401,199.431,187.648
428.093,280.701,211.216,191.574
424.547,279.85,217.108,193.537
419.523,280.175,225.554,198.269
414.012,282.088,234.777,204.884
409.256,286.044,243.638,213.192
405.628,291.522,251.569,222.846
403.314,298.761,257.785,233.673
402.907,307.88,262.392,245.087
403.953,317.44,264.946,256.543
404.477,322.22,266.223,262.272
406.738,330.36,265.612,270.636
410.369,339.43,262.306,280.068
412.185,343.965,260.653,284.784
415.842,351.483,256.076,291.642
421.421,360.241,248.788,298.571
427.211,367.621,238.894,304.035
434.105,374.06,226.947,307.268
437.553,377.28,220.974,308.884
443.026,379.89,211.237,308.942
450.013,381.195,199.618,306.471
457.507,380.598,187.809,301.485
464.503,377.299,176.905,293.743
470.502,372.649,166.452,283.621
475.501,366.325,158.726,271.311
479.25,358.912,152.613,258.155
481.875,350.956,148.807,244.328
482.938,342.478,146.903,230.664
483.219,333.989,147.202,217.082
483.359,329.745,147.351,210.291
482.93,322.872,149.175,201.395
480.715,315.436,152.838,192.448
477.357,307.718,158.419,184.224
475.679,303.859,161.209,180.112
472.339,298.18,167.105,175.306
467.42,292.34,175.052,171.653
461.46,286.92,184.526,169.826
454.98,282.46,195.013,170.163
447.99,279.73,206.507,173.082
444.495,278.365,212.253,174.541
438.747,278.182,221.127,179.02
432.374,279.591,231.563,186.01
429.187,280.296,236.782,189.505
424.093,282.898,244.391,197.003
418.797,287.449,252.695,206.001
413.648,293.724,260.598,217.001
409.574,301.862,267.549,228.75
406.537,311.431,272.774,241.875
404.769,321.716,276.137,255.438
403.884,326.858,277.819,262.219
404.192,335.929,277.909,272.109
405.846,346.214,275.955,282.555
409.423,356.857,271.727,292.277
411.212,362.179,269.614,297.139
415.356,369.339,263.807,302.569
421.178,376.42,255.153,306.785
427.839,381.71,244.327,308.392
431.169,384.355,238.913,309.196
437.335,386.927,228.457,308.598
444.667,389.214,215.978,305.799
452.334,389.607,202.739,301.4
459.667,389.053,189.62,294.7
466.583,386.527,177.81,286.1
472.292,382.513,167.655,275.05
475.146,380.507,162.577,269.525
478.323,375.753,157.039,259.512
481.161,368.627,152.769,247.256
482.331,360.313,149.885,233.878
482.415,351.407,149.192,220.689
481.208,342.953,150.346,209.345
479.604,335.477,152.423,200.422
477.052,328.988,155.962,194.711
475.776,325.744,157.731,191.856
472.888,322.372,161.115,190.178
470.194,319.686,165.308,190.589
467.597,319.093,169.654,193.044
465.298,321.047,173.327,197.772
464.149,325.023,176.913,205.386
463.575,327.012,178.707,209.193
463.037,332.506,181.353,217.097
462.269,340.003,183.177,228.298
461.884,349.251,184.838,241.149
461.692,353.876,185.669,247.575
460.846,361.188,185.835,258.287
460.173,368.594,185.917,270.144
458.587,375.547,186.209,281.572
457.793,379.023,186.354,287.286
456.147,382.262,186.677,293.393
454.073,383.631,187.839,296.446
452.037,382.565,189.419,294.723
449.518,377.783,192.21,288.362
448.259,375.391,193.605,285.181
447.13,369.196,196.302,276.34
445.815,359.348,199.901,263.42
444.407,347.674,203.701,248.46
442.954,334.087,207.6,232.73
440.977,320.293,210.8,217.615
439.988,313.397,212.4,210.058
438.494,304.198,213.95,200.279
437.247,295.099,215.975,191.139
436.624,290.55,216.988,186.57
435.562,285.525,218.244,182.535
435.031,282.512,219.622,181.017
435.015,282.756,220.811,183.509
435.258,286.878,222.405,190.754
436.129,294.939,224.203,201.877
436.814,306.97,225.351,216.439
437.157,312.985,225.926,223.719
437.579,324.242,226.213,237.61
437.039,338.871,225.856,254.305
435.52,354.936,224.178,271.402
434.01,369.718,222.589,285.201
433.255,377.109,221.795,292.101
432.127,385.054,220.897,297.8
430.564,388.527,220.199,298.4
429.782,390.264,219.849,298.7
429.141,387.632,219.925,293.1
429.07,380.316,220.962,282.8
429.035,376.658,221.481,277.65
428.768,367.079,222.491,265.825
429.384,354.289,223.745,250.413
429.692,347.895,224.373,242.706
430.346,336.447,225.186,229.853
431.173,322.474,225.593,215.427
431.836,308.737,225.297,201.713
433.168,296.618,225.148,191.357
434.334,287.559,224.824,184.678
435.667,282.78,224.162,182.589
437.584,282.89,223.581,185.295
440.042,287.695,222.791,193.147
442.271,297.347,221.895,205.074
444.635,311.174,220.698,220.787
446.068,328.087,218.599,238.643
447.284,346.543,216.549,257.072
447.892,355.772,215.525,266.286
447.196,368.386,213.762,277.893
446.348,379.193,212.381,287.196
445.424,385.096,211.941,290.848
443.712,384.298,213.22,287.674
442.606,377.399,215.11,278.337
442.053,373.95,216.055,273.669
441.776,364.475,217.778,261.834
440.638,350.487,220.139,246.417
440.069,343.494,221.319,238.709
439.285,332.247,222.16,226.104
438.392,318.623,222.58,212.302
438.446,305.562,221.29,199.651
439.223,294.781,219.395,190.076
441.112,287.14,216.697,184.538
444.306,284.32,213.599,184.019
448.903,286.66,210.299,188.509
451.201,287.83,208.65,190.755
455.851,294.665,206.325,199.627
460.925,306.583,204.662,213.814
465.713,322.291,202.581,233.157
468.106,330.146,201.541,242.828
470.803,343.573,201.02,260.914
471.902,359.786,201.51,281.207
470.451,374.393,203.755,299.354
467.725,383.197,207.878,309.927
463.613,385.098,212.939,311.963
461.556,386.049,215.469,312.982
458.028,380.025,220.485,305.491
453.764,369.012,226.492,292.245
449.632,355.256,231.746,275.123
446.066,340.378,235.873,256.311
443.283,324.939,238.437,237.406
441.642,310.22,239.718,219.703
441.071,297.36,239.109,204.101
441.285,287.43,237.055,191.551
442.643,281.215,234.027,182.775
444.821,279.107,229.764,178.638
448.161,281.554,225.632,179.319
452.33,288.527,221.816,185.659
454.415,292.013,219.908,188.83
457.958,301.257,217.704,199.165
459.729,305.878,216.602,204.332
462.614,316.439,214.801,217.666
465.057,329.72,213.15,235.583
466.779,344.11,211.075,254.542
467.139,356.805,209.288,271.521
466.32,366.402,208.644,284.51
464.41,371.451,209.322,291.255
463.455,373.976,209.661,294.628
461.227,373.488,211.58,294.064
458.864,370.244,214.29,290.282
456.182,365.622,217.145,284.641
453.841,361.311,220.323,277.32
452.67,359.155,221.911,273.66
451.085,357.078,224.206,267.33
449.293,356.039,227.603,258.415
447.896,356.519,230.801,247.208
447.198,356.76,232.401,241.604
446.349,357.88,235.45,230.802
445.175,359.69,237.975,217.401
444.587,360.595,239.238,210.7
443.794,362.047,240.869,199.85
442.647,363.274,242.184,187.425
442.073,363.887,242.842,181.213
441.787,364.693,243.171,173.106
441.643,365.847,243.586,166.053
441.572,366.423,243.793,162.527
441.786,366.712,244.146,158.763
442.393,367.356,243.573,155.882
442.946,367.928,241.787,153.941
443.723,368.714,237.893,152.22
445.112,369.107,232.197,150.36
445.806,369.303,229.348,149.43
446.653,369.652,222.924,147.715
448.076,370.076,213.962,145.608
449.288,370.788,203.481,143.304
450.394,371.394,192.491,141.402
451.197,372.197,181.245,139.201
451.599,373.099,169.373,137.1
451.549,373.799,157.186,134.8
451.525,374.15,151.093,133.65
451.262,374.325,142.797,132.325
450.381,374.412,134.148,131.913
449.941,374.456,129.824,131.706
448.97,373.978,124.662,131.853
447.985,373.739,119.581,133.177
446.993,373.12,115.791,135.338
446.496,372.81,113.895,136.419
445.748,372.405,112.448,139.21
445.374,372.452,111.474,144.605
444.937,372.476,111.487,153.302
444.969,373.738,113.493,166.151
444.984,375.619,116.747,181.576
445.492,378.31,117.623,197.788
445.746,380.905,119.312,213.144
445.873,382.202,120.156,220.822
445.937,383.851,121.078,230.911
445.968,385.176,123.039,239.955
445.484,385.588,126.519,247.228
445.242,385.794,128.26,250.864
444.621,385.647,131.38,254.182
443.811,384.823,135.19,256.841
442.655,383.412,140.345,258.17
441.828,382.206,146.172,258.835
440.664,380.853,153.336,259.668
440.082,380.176,156.918,260.084
439.291,379.588,164.459,261.292
438.395,378.794,174.98,263.396
437.198,378.147,187.49,266.448
436.099,377.824,201.245,269.474
435.049,377.662,214.622,272.487
434.025,377.581,226.311,275.493
433.262,377.79,236.656,278.497
432.881,377.895,245.078,280.998
432.691,377.948,249.289,282.249
432.845,377.974,253.894,282.625
433.173,377.987,257.947,281.812
433.836,377.993,260.724,278.656
434.668,377.997,262.862,271.828
435.584,378.248,264.181,260.914
436.042,378.374,264.84,255.457
436.521,378.437,265.92,243.979
437.26,378.469,266.21,228.489
437.13,378.234,266.355,211.745
437.065,378.367,265.928,196.122
437.033,378.684,265.214,183.561
437.016,378.842,264.857,177.281
436.758,379.171,264.678,171.14
436.629,379.335,264.589,168.07
436.565,379.918,264.295,165.285
437.032,380.459,264.397,164.143
437.766,380.979,264.449,164.321
438.133,381.24,264.474,164.411
438.317,381.62,264.987,165.455
438.658,381.56,265.244,166.478
439.079,381.78,265.872,167.489
439.04,381.64,266.686,168.244
438.77,381.32,267.593,168.622
438.135,380.91,269.046,169.061
437.317,380.705,269.523,168.781
436.409,380.603,268.262,167.39
435.954,380.551,267.631,166.695
435.727,380.526,263.815,164.598
436.114,381.263,256.658,161.299
437.057,382.131,246.329,157.649
438.278,382.816,233.414,153.075
439.639,383.408,218.707,148.287
440.82,383.204,203.354,144.394
441.66,383.102,188.427,140.947
442.08,382.551,175.213,138.223
442.04,381.525,164.107,136.612
441.02,380.513,155.553,136.056
440.51,380.006,151.277,135.778
439.505,379.003,147.638,136.389
437.503,378.252,145.069,138.194
435.501,377.626,144.035,142.097
433.751,377.063,144.767,148.049
432.375,377.031,147.384,158.024
431.438,377.266,150.192,171.512
430.969,377.383,151.596,178.256
430.734,377.941,153.548,189.628
431.117,378.721,154.774,203.314
431.809,379.36,155.387,216.157
432.404,379.68,156.193,226.579
432.702,379.84,156.597,231.789
433.101,379.42,157.298,237.395
433.301,378.71,158.399,241.197
433.4,378.355,158.95,243.099
433.2,377.677,160.225,243.549
432.85,376.339,161.612,243.275
432.675,375.669,163.806,242.387
432.088,374.835,166.653,241.694
431.794,374.667,169.827,241.097
431.897,374.834,171.913,239.798
431.948,374.917,172.957,239.149
431.974,375.708,171.978,235.825
432.237,376.854,166.739,230.662
432.869,378.427,155.87,224.081
433.684,379.714,142.435,217.791
434.592,380.607,129.717,212.645
435.046,381.053,123.359,210.073
435.773,381.027,115.179,207.536
436.637,380.763,106.59,205.268
437.068,380.632,102.295,204.134
437.784,380.066,97.6474,202.067
438.142,379.283,94.0737,199.784
438.071,378.391,92.5368,197.142
437.786,377.946,93.2684,194.321
437.143,377.723,96.1342,192.16
436.321,377.861,102.567,191.08
435.411,378.181,112.034,191.04
434.455,378.09,124.267,192.52
433.978,378.045,130.383,193.26
433.739,377.773,140.942,195.63
433.619,377.636,153.721,198.815
433.56,377.568,160.11,200.408
433.03,377.034,170.805,203.454
433.015,376.517,182.653,206.977
433.007,376.259,194.576,210.738
433.004,376.129,205.788,213.869
433.252,376.065,215.394,216.185
433.626,376.282,223.697,216.592
434.063,376.391,230.349,214.796
434.781,376.446,235.424,210.398
435.391,376.723,239.712,203.449
435.695,376.861,243.106,194.475
435.848,376.931,245.053,183.487
435.924,376.965,246.027,177.994
435.712,376.733,246.763,169.247
435.606,376.616,247.132,159.623
435.053,376.558,246.816,150.312
434.776,376.779,246.158,141.906
434.638,376.89,245.829,137.703
434.569,377.445,245.664,134.351
434.785,377.722,245.582,131.926
435.142,378.111,245.541,130.713
435.321,378.306,245.521,130.106
435.411,378.903,245.26,130.303
435.455,379.201,243.63,130.652
436.228,379.851,240.315,130.826
436.364,380.175,234.658,129.913
436.932,380.338,227.079,128.206
437.216,380.419,216.789,125.853
437.358,380.709,204.645,122.927
437.929,380.605,190.822,120.463
438.214,380.552,177.161,117.982
438.357,380.526,170.331,116.741
438.179,380.513,159.665,115.87
437.839,380.257,147.833,114.935
437.17,379.878,136.916,114.718
436.835,379.689,131.458,114.609
436.167,379.345,124.979,115.554
435.334,378.922,119.74,118.027
434.417,378.711,117.12,121.264
432.958,378.356,117.06,125.632
431.729,378.178,119.03,132.816
430.615,378.089,123.515,142.658
430.057,378.044,125.757,147.579
429.779,378.522,131.629,157.039
429.889,379.011,134.814,169.52
430.195,379.256,138.907,183.01
430.847,379.878,142.954,196.255
431.174,380.189,144.977,202.877
431.587,380.344,147.488,211.689
431.793,380.172,150.744,219.844
431.897,380.086,153.622,226.172
431.698,379.543,156.311,230.586
431.599,378.772,158.156,233.293
431.55,378.386,159.078,234.147
431.775,378.193,158.539,233.323
431.887,378.096,158.269,232.912
432.194,378.548,156.385,230.706
432.597,379.274,150.942,227.103
433.048,379.887,142.721,221.551
433.774,380.694,131.611,215.776
434.637,381.597,120.305,211.138
435.319,382.298,108.653,207.319
435.659,382.649,102.826,205.409
436.08,383.075,94.6632,203.955
436.79,383.287,88.3316,202.977
437.145,383.394,85.1658,202.489
437.822,383.447,81.8329,202.744
438.161,383.473,79.9164,203.122
437.831,383.487,79.4582,203.561
437.665,383.243,80.9791,203.781
437.083,383.122,84.9896,204.89
436.291,382.811,92.4948,206.445
435.396,382.155,102.497,208.973
434.948,381.828,107.499,210.236
434.224,381.664,117.499,213.118
433.862,381.332,130.5,217.309
433.681,380.916,145,221.655
433.84,380.708,159.25,226.327
434.17,380.354,172.625,230.164
434.335,380.177,183.812,233.832
434.418,380.089,189.406,235.666
434.459,380.044,196.703,237.583
434.479,380.022,203.852,239.291
434.49,380.011,211.426,241.146
434.745,380.256,218.963,242.323
435.122,379.878,226.981,243.161
435.311,379.689,233.991,244.331
435.406,379.594,237.495,244.915
435.453,379.297,242.748,245.708
435.226,379.149,247.624,246.104
435.113,379.074,250.062,246.302
435.307,379.537,253.531,245.401
435.403,379.769,257.015,241.2
435.452,379.884,258.758,239.1
435.476,379.942,260.879,232.55
435.488,380.221,262.939,222.025
434.994,379.861,264.72,208.763
434.497,379.93,265.36,194.381
433.998,379.715,264.93,180.191
433.749,379.608,264.715,173.095
433.375,379.804,263.607,163.548
432.937,380.152,262.054,153.774
433.219,380.576,260.027,144.637
433.609,381.038,258.013,138.068
433.805,381.269,257.007,134.784
434.402,381.884,255.753,131.892
434.951,382.692,255.127,129.946
435.226,383.096,254.813,128.973
435.863,383.798,254.657,128.987
436.681,384.149,254.328,129.743
437.091,384.325,253.414,130.122
437.545,384.662,250.957,129.811
438.023,385.081,245.979,128.655
438.261,385.541,238.739,126.578
438.631,385.77,229.87,123.789
439.315,385.885,218.685,120.894
439.658,385.943,213.092,119.447
440.079,386.471,204.296,117.474
440.539,386.486,194.148,115.737
441.02,386.243,184.074,114.368
441.26,386.121,179.037,113.684
440.88,385.561,172.269,113.342
440.19,385.28,165.884,113.171
439.345,384.89,159.942,113.336
438.922,384.695,156.971,113.418
437.961,384.098,153.986,114.459
436.481,383.549,152.493,116.729
435.24,383.024,152.496,120.615
434.12,382.762,154.248,127.057
433.56,382.631,155.124,130.279
433.03,382.816,157.562,137.889
432.765,383.158,161.531,148.945
432.633,383.329,163.516,154.472
432.566,383.664,167.008,165.486
432.783,384.082,169.504,178.743
433.392,384.291,171.002,192.372
433.696,384.646,172.501,205.186
433.848,384.823,173.25,216.093
433.674,384.661,173.875,224.046
433.087,384.081,174.188,228.523
432.543,383.29,173.594,230.762
432.272,382.895,173.297,231.881
431.886,382.448,171.648,231.69
431.693,382.224,168.324,230.095
431.596,382.362,162.662,226.798
431.798,382.931,153.581,222.149
432.149,383.715,142.291,216.824
432.325,384.108,136.645,214.162
432.912,384.804,127.573,210.831
433.706,385.402,117.786,207.166
434.353,385.951,107.143,203.333
434.927,386.225,97.5716,200.666
435.213,386.363,89.7858,198.833
434.857,386.181,82.3929,197.167
434.678,385.841,77.4464,195.833
434.339,385.67,74.9732,195.417
433.67,385.585,75.2366,195.958
433.085,385.043,79.3683,196.979
432.542,384.771,86.6842,198.49
432.271,384.386,96.8421,201.245
432.136,384.193,101.921,202.622
431.568,383.596,110.961,205.061
431.284,383.298,115.48,206.281
430.642,382.899,125.99,208.64
430.321,382.7,131.245,209.82
430.16,382.6,142.623,212.66
430.08,382.55,148.311,214.08
429.29,382.275,159.906,217.29
428.895,382.387,173.453,220.645
428.698,382.444,186.226,224.573
428.849,382.722,198.113,228.036
429.174,382.861,208.807,231.018
429.837,382.93,218.153,233.259
430.669,382.965,226.827,235.13
431.084,382.983,231.163,236.065
431.792,382.991,236.832,236.532
432.146,382.996,243.416,235.516
432.573,382.998,249.958,231.508
432.786,382.749,255.729,224.004
432.643,382.624,260.364,212.002
432.072,382.562,262.182,196.501
431.536,382.281,261.591,179.501
431.018,382.141,260.046,163.75
430.509,382.07,258.523,149.875
430.254,382.285,257.261,139.438
430.627,382.893,256.381,132.469
431.314,383.696,255.94,127.984
431.657,384.098,255.72,125.742
432.328,384.799,255.61,124.871
433.164,385.4,255.055,125.186
434.332,386.2,254.028,126.343
434.916,386.6,253.514,126.921
435.458,386.8,251.507,127.961
436.229,387.4,247.253,128.48
436.865,387.95,240.377,127.99
437.182,388.225,236.938,127.745
437.341,388.612,229.719,126.623
437.671,388.806,218.86,124.811
438.335,388.903,205.93,122.906
439.168,389.202,191.715,120.953
439.584,389.101,177.857,118.976
439.792,388.55,163.929,117.488
439.396,387.775,151.214,116.994
438.448,386.888,140.357,117.247
436.724,385.944,132.679,118.624
434.862,384.972,128.589,121.812
433.931,384.486,126.545,123.406
432.466,384.243,126.272,127.953
431.733,384.121,126.136,130.226
430.616,384.311,128.568,136.613
429.308,384.405,132.534,147.057
428.404,384.953,138.267,160.528
428.202,385.976,142.134,175.764
428.101,386.988,145.317,191.132
428.301,387.744,147.158,205.566
428.4,388.122,148.579,217.783
428.45,388.311,149.54,227.892
428.225,387.906,150.52,235.446
427.613,386.953,151.26,239.973
427.056,386.226,151.88,242.736
426.778,385.363,152.19,243.868
426.639,384.932,151.845,243.934
426.57,384.716,151.672,243.967
426.535,384.858,150.086,243.484
426.517,385.179,147.543,241.992
426.759,385.839,144.022,240.496
426.879,386.17,142.261,239.748
427.19,386.585,138.88,238.874
427.345,387.042,135.94,238.187
427.422,387.271,134.47,237.843
427.711,387.636,132.985,237.672
427.856,387.818,132.243,237.586
427.678,387.659,132.371,237.543
427.589,387.579,134.686,237.771
427.294,387.04,139.343,238.136
426.647,386.52,146.921,238.568
425.824,386.01,156.461,239.034
424.662,385.505,167.98,239.517
423.831,384.753,181.49,240.508
422.665,384.376,195.995,242.004
421.833,384.438,210.248,244.002
421.166,384.469,224.124,246.501
421.083,384.485,237.312,249.251
421.042,384.492,243.906,250.625
421.271,384.996,251.453,252.563
421.635,385.248,258.227,254.531
421.818,385.374,261.613,255.516
422.409,385.687,266.057,256.258
423.454,386.344,269.528,256.379
424.727,386.922,272.264,255.439
425.364,387.211,273.632,254.97
426.432,387.855,274.566,252.735
426.966,388.178,275.033,247.367
427.233,388.339,275.267,244.684
427.866,388.419,275.133,237.592
428.183,388.46,275.067,234.046
428.342,388.48,274.033,225.273
428.421,388.49,272.767,213.636
428.21,387.995,270.633,201.318
427.605,387.747,269.067,189.659
427.303,387.374,267.283,180.08
426.651,386.937,266.142,172.04
426.326,386.718,265.321,166.02
425.663,386.609,264.66,161.76
425.331,386.555,264.33,158.88
424.916,386.527,264.415,156.94
424.708,386.514,264.458,155.97
424.604,386.757,264.729,155.735
424.302,386.878,264.364,155.867
424.401,386.939,262.932,156.184
424.451,386.97,262.216,156.342
424.725,387.235,259.358,156.171
425.363,387.617,253.929,155.335
426.431,388.059,245.715,153.668
427.716,388.279,234.857,150.834
428.858,388.64,222.429,147.417
429.929,388.82,209.214,144.208
430.714,388.66,196.357,141.854
431.107,388.58,189.929,140.677
431.054,388.04,181.214,140.089
430.527,387.27,173.357,140.544
429.763,386.635,166.179,143.272
428.882,386.068,162.089,148.636
427.691,386.534,159.295,155.568
426.095,387.517,157.647,164.534
424.798,389.008,156.824,174.767
424.149,389.754,156.412,179.884
423.074,391.627,155.956,187.942
421.787,393.564,156.228,196.971
420.394,395.282,156.864,205.985
418.947,396.391,157.932,214.493
417.223,396.695,158.966,221.246
416.362,396.848,159.483,224.623
414.931,394.924,160.992,228.812
414.215,393.962,161.746,230.906
413.108,391.731,162.623,232.203
411.804,388.115,163.311,232.601
410.902,382.308,164.156,232.051
410.451,379.404,164.578,231.775
409.975,372.952,165.289,230.888
409.738,369.726,165.644,230.444
410.119,361.613,166.322,229.722
410.559,350.806,167.411,229.111
410.78,338.903,169.206,228.305
410.89,326.452,170.603,227.903
410.445,313.476,172.051,227.951
409.472,300.238,173.526,227.976
408.986,293.619,174.263,227.988
407.993,284.059,175.381,228.494
406.497,273.78,176.691,229.247
404.748,263.39,177.595,230.623
402.874,253.945,178.048,232.062
401.937,249.222,178.274,232.781
400.969,244.111,178.387,234.39
400.484,240.556,177.943,236.695
400.492,240.028,177.722,239.848
401.496,243.014,177.361,243.674
403.248,249.757,176.43,247.837
404.124,253.128,175.965,249.918
406.062,262.064,175.733,254.209
408.531,274.782,175.366,260.355
411.516,290.391,174.933,269.427
414.258,306.946,173.717,280.464
415.629,315.223,173.108,285.982
416.814,327.111,172.054,296.991
417.657,338.556,170.777,310.995
418.329,349.278,170.139,323.748
418.164,357.389,169.819,333.124
417.332,362.944,170.16,335.812
415.666,365.972,171.08,331.406
413.583,366.986,172.54,319.453
411.292,366.743,174.27,302.227
410.146,366.622,175.135,293.613
408.323,365.811,176.067,277.057
406.411,365.155,177.284,256.028
404.456,365.328,177.642,234.014
403.478,365.414,177.821,223.007
401.989,365.957,177.41,206.754
400.744,367.228,175.705,190.377
399.622,368.614,172.103,175.688
399.061,369.307,170.301,168.344
399.031,371.154,168.401,161.422
398.515,373.077,166.7,156.711
398.258,375.538,165.85,155.356
398.129,378.019,165.425,157.428
399.814,381.01,166.213,162.964
398.907,380.255,167.106,172.232
398.454,379.877,167.553,176.866
397.977,375.939,167.777,187.433
397.738,367.969,168.138,202.466
397.619,363.985,168.319,209.983
397.81,352.992,168.16,223.492
397.655,336.496,167.83,240.996
397.577,328.248,167.665,249.748
396.789,313.624,167.582,266.124
395.644,294.812,167.291,285.812
395.072,285.406,167.146,295.656
394.036,270.453,167.073,312.578
393.518,262.977,167.036,321.039
392.259,250.238,167.018,336.27
390.38,237.119,166.759,354.385
388.69,225.31,167.13,369.692
387.845,219.405,167.315,377.346
386.422,213.202,168.907,384.173
384.211,208.851,171.704,386.337
382.606,206.926,175.602,382.668
381.803,207.713,179.051,373.584
381.901,210.856,183.525,360.042
381.951,212.428,185.763,353.271
381.975,217.464,188.381,339.885
382.738,224.732,190.441,321.443
383.619,234.366,192.47,300.221
385.059,246.183,193.235,277.861
385.78,252.092,193.618,266.68
386.89,263.546,192.559,249.59
388.695,278.273,191.279,230.045
390.597,295.636,189.64,211.023
393.549,314.568,186.07,194.011
395.024,324.034,184.285,185.506
397.762,338.017,181.892,175.503
399.131,345.009,180.696,170.501
401.066,356.004,178.848,164.751
402.033,361.502,177.924,161.875
403.516,370.751,175.962,158.188
405.008,379.876,174.731,155.594
406.004,386.688,174.116,155.047
406.752,389.344,174.308,156.523
407.126,390.672,174.404,157.262
407.313,388.586,175.202,161.381
406.656,381.293,176.851,169.19
405.078,369.396,180.175,180.845
403.789,353.948,183.088,196.673
402.395,335.974,185.544,216.336
400.947,316.987,187.772,237.668
399.224,297.994,189.136,260.334
398.362,288.497,189.818,271.667
396.931,275.498,190.159,289.834
395.215,261.749,191.329,309.417
393.358,249.625,191.665,327.208
391.679,239.562,191.832,340.604
389.839,231.781,192.666,349.302
388.17,226.641,193.583,352.901
386.835,224.32,195.292,351.701
385.917,224.66,196.896,346.85
385.709,228.08,198.198,337.925
385.604,229.79,198.849,333.463
385.802,235.395,199.674,323.231
386.901,244.198,199.837,309.616
388.701,255.599,199.919,293.808
390.6,269.549,199.709,276.404
392.8,285.275,198.855,259.202
395.15,301.137,197.677,242.601
397.075,316.569,196.339,226.55
398.538,330.784,194.919,212.025
399.019,342.892,193.71,199.013
399.259,348.946,193.105,192.506
399.63,356.473,192.302,185.003
399.815,363.737,191.401,177.752
399.907,369.368,190.951,172.626
399.704,372.434,190.225,169.563
399.602,373.967,189.863,168.031
399.051,372.984,188.931,168.516
398.275,369.242,188.216,172.008
397.638,362.121,188.858,177.754
397.319,358.56,189.179,180.627
396.409,349.53,189.839,188.313
395.455,336.765,190.42,199.907
394.227,322.133,191.46,214.703
393.614,314.816,191.98,222.102
392.557,302.158,192.99,236.051
391.278,287.829,193.995,253.275
389.889,273.415,193.997,272.638
387.945,260.457,194.249,291.819
385.972,248.729,194.624,308.909
384.736,239.114,195.062,323.455
383.868,231.807,195.781,333.477
383.184,226.904,196.891,338.239
382.592,225.202,198.695,336.619
382.546,226.351,199.848,329.31
382.273,230.925,200.924,317.655
382.137,238.713,201.962,302.577
382.068,242.606,202.481,295.039
381.534,251.053,202.74,281.769
381.017,263.027,203.37,266.135
380.759,277.763,202.935,249.317
380.879,293.882,202.718,233.159
380.94,310.191,201.859,217.829
380.97,318.345,201.429,210.165
380.985,329.923,200.465,200.332
380.992,335.711,199.982,195.416
381.496,345.606,199.491,188.458
381.998,356.803,198.746,180.729
382.749,366.651,198.123,174.115
384.625,375.326,197.561,169.557
386.312,380.163,197.281,167.279
387.156,382.581,197.14,166.139
386.578,381.541,197.32,166.57
386.539,377.52,198.16,169.535
387.02,370.01,199.08,175.267
387.26,366.255,199.54,178.134
387.63,357.878,200.02,185.067
388.065,346.439,201.01,195.783
388.782,332.969,202.755,208.892
389.391,318.735,203.878,224.446
389.446,304.117,204.689,241.973
389.473,289.809,205.094,260.736
388.986,276.404,205.297,279.368
388.743,269.702,205.399,288.684
388.372,261.101,205.699,301.342
387.686,252.051,206.1,314.171
387.093,243.525,206.8,325.336
386.796,236.013,207.65,332.918
386.398,230.506,208.575,336.709
386.449,227.003,209.787,336.604
386.975,226.002,211.144,332.802
387.987,227.501,211.822,325.401
388.994,232,212.411,314.701
390.247,238.75,212.705,301.6
391.123,248.125,213.103,287.55
391.812,259.813,212.801,272.025
392.156,265.656,212.651,264.263
392.578,276.578,212.575,252.131
393.039,290.289,212.538,238.316
393.269,305.395,212.269,224.408
393.385,321.197,211.634,211.204
393.942,335.599,211.317,199.602
393.971,347.549,210.659,190.051
393.986,357.025,210.079,182.025
394.243,363.262,209.29,176.263
394.371,366.381,208.895,173.381
394.686,367.941,208.697,171.691
394.843,366.47,208.849,171.595
395.171,362.235,209.424,173.798
395.586,354.868,211.212,178.649
395.793,351.184,212.106,181.074
396.146,343.092,214.553,187.537
396.323,330.796,217.527,196.769
396.662,316.898,221.013,208.884
396.831,309.949,222.757,214.942
397.165,298.474,225.128,225.221
397.333,285.237,228.064,238.361
397.166,272.369,231.032,251.68
397.333,261.184,233.766,264.09
397.417,252.592,236.133,274.045
397.708,247.046,238.317,281.773
397.854,244.273,239.408,285.636
398.427,243.387,240.204,288.568
399.464,244.443,240.602,290.284
399.982,244.972,240.801,291.142
401.241,248.486,240.651,290.321
403.12,253.243,239.075,286.661
406.06,258.121,235.788,279.08
410.78,261.061,229.144,266.79
417.14,261.28,218.572,251.395
425.07,258.89,204.536,234.948
434.535,255.945,186.268,220.224
445.018,254.723,166.384,210.612
456.009,256.611,146.442,207.056
466.254,261.806,128.471,209.278
473.127,270.153,114.485,217.389
476.064,280.826,104.993,230.194
477.532,286.163,100.246,236.597
476.016,296.082,97.8732,250.799
471.508,308.791,99.9366,269.149
464.504,321.395,106.218,288.825
454.752,332.698,117.359,305.662
444.126,341.349,132.18,317.581
438.813,345.674,139.59,323.541
430.656,348.837,153.795,327.02
421.578,348.419,170.397,326.51
412.289,344.209,186.949,320.255
407.645,342.105,195.224,317.128
401.822,335.052,206.612,307.814
396.661,324.526,218.056,294.157
392.331,312.263,227.028,277.828
389.915,298.132,232.514,259.414
388.708,291.066,235.257,250.207
389.104,281.033,235.629,235.854
391.802,271.016,232.064,219.677
393.151,266.008,230.282,211.588
397.325,260.004,223.891,199.544
403.413,255.502,213.696,187.272
411.206,253.501,201.098,177.136
420.603,254.751,186.049,170.318
430.552,259.125,171.024,167.659
435.526,261.313,163.512,166.329
443.263,267.406,152.256,168.915
451.381,276.703,138.878,175.957
455.441,281.352,132.189,179.479
460.47,291.176,125.095,189.739
463.735,304.338,117.297,204.87
464.368,318.419,108.399,224.685
461.684,332.709,104.199,247.092
454.842,346.855,105.1,269.296
444.921,358.677,112.05,289.398
434.46,367.339,126.275,303.699
424.23,370.419,144.387,311.85
415.115,368.96,165.694,314.175
406.558,361.98,186.347,310.587
402.279,358.49,196.673,308.794
397.639,350.245,210.337,301.897
393.57,337.622,224.918,290.698
390.535,323.311,236.709,276.599
389.017,316.156,242.605,269.55
388.509,304.578,247.802,256.775
388.254,298.789,250.401,250.387
389.377,288.394,251.201,237.694
391.939,277.197,249.35,222.597
396.469,267.349,243.425,207.548
402.735,260.174,233.963,192.524
410.367,255.587,220.731,180.012
419.434,254.794,205.616,171.006
429.717,257.397,188.558,166.003
440.608,263.448,170.529,166.252
446.054,266.474,161.514,166.376
453.777,274.737,147.757,172.188
461.389,287.369,134.129,183.594
466.694,302.184,121.314,200.297
470.097,318.342,110.157,222.148
470.049,333.171,104.579,246.324
470.024,340.586,101.789,258.412
466.762,349.793,104.145,275.456
460.881,358.146,112.322,292.478
452.941,363.573,125.911,304.239
444.47,365.037,143.706,310.12
435.735,363.268,164.103,310.81
427.368,357.134,184.551,305.405
419.434,347.817,203.276,295.702
415.467,343.159,212.638,290.851
410.233,334.079,225.069,280.176
405.117,321.29,236.534,266.088
401.058,306.895,244.517,249.794
399.029,299.697,248.509,241.647
397.515,288.349,250.254,228.073
397.257,276.424,249.127,212.037
398.629,265.712,244.064,195.768
401.814,256.856,235.032,180.634
403.407,252.428,230.516,173.067
407.454,248.714,221.758,164.784
409.477,246.857,217.379,160.642
414.738,246.178,207.439,156.321
421.869,247.839,194.47,153.91
430.685,252.17,180.235,154.705
435.092,254.335,173.117,155.103
442.296,260.167,162.059,160.051
450.398,268.834,151.029,168.776
458.199,279.417,140.015,181.388
464.6,291.708,129.007,197.944
468.8,304.354,123.504,216.472
471.15,318.177,120.252,236.486
472.325,325.089,118.626,246.493
470.912,334.794,120.813,261.246
470.206,339.647,121.906,268.623
467.103,348.574,128.453,281.562
461.552,358.537,138.727,296.281
453.526,368.268,152.113,309.39
443.513,375.134,168.557,319.195
436.006,379.317,185.278,324.598
432.253,381.409,193.639,327.299
426.627,379.704,206.57,326.399
421.563,374.352,220.285,320.7
416.532,364.426,233.642,310.35
412.266,351.713,245.071,296.425
410.133,345.357,250.786,289.462
408.066,333.178,257.643,276.731
406.533,318.339,263.071,260.116
405.767,310.92,265.786,251.808
405.633,298.46,267.643,238.154
406.067,284.48,267.571,222.577
407.283,270.74,265.036,205.788
409.642,258.87,259.268,189.144
412.821,248.935,251.134,174.322
417.16,241.717,241.317,161.661
422.58,237.109,229.158,151.831
429.04,235.304,215.829,145.165
436.77,236.402,200.915,141.833
444.885,240.201,186.207,141.416
453.193,246.101,169.854,144.708
457.346,249.05,161.677,146.354
463.923,255.775,150.088,151.177
470.712,264.888,138.044,160.089
477.106,275.694,126.272,173.544
482.803,287.347,117.886,191.522
486.901,299.173,112.943,212.511
488.951,305.087,110.472,223.006
489.725,313.293,109.986,241.253
489.363,322.897,114.743,261.376
487.181,332.448,124.371,279.938
483.341,341.724,138.186,294.469
477.17,349.612,154.593,303.485
469.335,356.306,173.546,307.742
459.918,359.903,193.023,306.871
449.709,359.702,211.512,301.936
438.354,356.101,228.756,293.218
432.677,354.3,237.378,288.859
425.089,347.9,247.439,278.679
416.794,337.7,256.969,264.34
408.647,325.1,264.235,247.67
401.824,310.55,269.117,230.085
398.412,303.275,271.559,221.292
394.706,291.638,272.529,207.396
391.853,278.319,270.765,191.448
390.426,265.409,266.382,174.974
390.713,253.705,259.441,159.487
393.357,244.102,249.471,144.744
398.178,236.551,236.985,131.372
404.589,231.526,222.743,120.436
407.795,229.013,215.621,114.968
414.397,227.756,203.311,109.234
422.949,228.128,188.155,104.867
432.474,230.314,171.828,103.183
441.987,234.657,155.164,104.592
451.494,241.329,138.832,109.546
459.997,250.414,123.416,118.773
466.248,261.457,108.708,131.386
470.124,273.479,97.854,147.193
471.812,286.739,89.927,167.347
471.406,300.62,85.4635,189.423
469.203,314.81,85.4818,212.212
465.352,328.155,88.7409,233.606
459.426,339.827,96.1204,252.803
451.963,350.164,106.06,268.151
443.481,358.332,118.78,280.576
439.241,362.416,125.14,286.788
431.87,365.708,137.07,292.644
423.185,366.604,151.785,296.322
414.593,364.552,168.143,296.911
406.296,359.276,184.571,293.206
398.148,350.638,200.786,284.853
391.074,339.569,214.893,272.926
387.537,334.034,221.946,266.963
383.769,323.517,230.223,254.482
380.884,310.009,237.362,238.241
379.192,295.504,241.681,220.12
379.096,280.502,243.34,201.06
380.298,266.501,241.67,182.03
380.899,259.501,240.835,172.515
382.7,250.25,237.418,159.508
385.6,241.375,230.959,145.004
387.05,236.938,227.729,137.752
390.025,231.719,221.615,127.876
393.762,227.359,212.807,117.188
398.381,224.43,201.904,107.094
403.441,223.465,190.452,99.547
409.47,224.732,178.226,94.5235
412.485,225.366,172.113,92.0117
421.243,232.183,156.306,94.5059
430.121,241.092,141.653,100.753
438.311,251.546,129.077,110.376
445.905,263.273,116.788,123.438
453.453,277.386,105.394,138.719
459.726,293.693,97.9471,158.61
464.863,312.847,93.2235,183.305
466.682,336.173,90.6118,213.652
467.591,347.837,91.5559,252.826
468.045,353.668,92.0279,272.413
468.273,356.584,92.264,282.207
468.386,358.042,92.382,287.103
468.443,358.771,92.441,289.552
468.472,359.136,92.4705,290.776
468.486,359.318,92.4852,291.388
468.493,359.409,92.4926,291.694
468.496,359.454,92.4963,291.847
468.498,359.477,92.4982,291.923
468.499,359.489,92.4991,291.962
468.5,359.494,92.4995,291.981
468.5,359.497,92.4998,291.99
468.5,359.499,92.4999,291.995
468.5,359.499,92.4999,291.998
468.5,359.5,92.5,291.999
468.5,359.5,92.5,291.999
468.5,359.5,92.5,292
468.5,359.5,92.5,292
468.5,359.5,92.5,292
468.5,359.5,92.5,292
468.5,359.5,92.5,292
468.5,359.5,92.5,292
468.5,359.5,92.5,292
468.5,359.5,92.5,292
468.5,359.5,92.5,292
468.5,359.5,92.5,292
468.5,359.5,92.5,292
468.5,359.5,92.5,292
468.5,359.5,92.5,292
468.5,359.5,92.5,292
468.5,359.5,92.5,292
468.5,359.5,92.5,292
468.5,359.5,92.5,292
468.5,359.5,92.5,292
468.5,359.5,92.5,292
468.5,359.5,92.5,292
468.5,359.5,92.5,292
468.5,359.5,92.5,292
468.5,359.5,92.5,292
468.5,359.5,92.5,292
468.5,359.5,92.5,292
468.5,359.5,92.5,292
468.5,359.5,92.5,292
468.5,359.5,92.5,292
468.5,359.5,92.5,292
468.5,359.5,92.5,292
468.5,359.5,92.5,292
468.5,359.5,92.5,292
468.5,359.5,92.5,292
468.5,359.5,92.5,292
468.5,359.5,92.5,292
468.5,359.5,92.5,292
468.5,359.5,92.5,292
468.5,359.5,92.5,292
468.5,359.5,92.5,292
468.5,359.5,92.5,292
468.5,359.5,92.5,292
468.5,359.5,92.5,292
468.5,359.5,92.5,292
468.5,359.5,92.5,292
468.5,359.5,92.5,292
468.5,359.5,92.5,292
468.5,359.5,92.5,292
468.5,359.5,92.5,292
468.5,359.5,92.5,292
468.5,359.5,92.5,292
468.5,359.5,92.5,292
468.5,359.5,92.5,292
468.5,359.5,92.5,292
468.5,359.5,92.5,292
468.5,359.5,92.5,292
468.5,359.5,92.5,292
468.5,359.5,92.5,292
468.5,359.5,92.5,292
468.5,359.5,92.5,292
468.5,359.5,92.5,292
468.5,359.5,92.5,292
468.5,359.5,92.5,292
468.5,359.5,92.5,292
468.5,359.5,92.5,292
468.5,359.5,92.5,292
468.5,359.5,92.5,292
468.5,359.5,92.5,292
468.5,359.5,92.5,292
468.5,359.5,92.5,292
468.5,359.5,92.5,292
468.5,359.5,92.5,292
468.5,359.5,92.5,292
468.5,359.5,92.5,292
468.5,359.5,92.5,292
468.5,359.5,92.5,292
